Timestamp for sample frequency every 15 min,Temperature_Fahrenheit,Relative_Humidity
2018-10-24 09:01:00,66.6671,37.4265
2018-10-24 09:16:00,66.8602,37.0603
2018-10-24 09:31:00,67.0146,36.6025
2018-10-24 09:46:00,66.9374,36.6331
2018-10-24 10:01:00,67.0725,36.6331
2018-10-24 10:16:00,67.1304,36.6636
2018-10-24 10:31:00,67.2656,36.6636
2018-10-24 10:46:00,67.4200,36.6636
2018-10-24 11:01:00,67.4586,38.5557
2018-10-24 11:16:00,67.5551,39.6238
2018-10-24 11:31:00,67.6324,38.9524
2018-10-24 11:46:00,67.6131,38.4641
2018-10-24 12:01:00,67.6131,39.0134
2018-10-24 12:16:00,67.5744,39.2271
2018-10-24 12:31:00,67.5938,38.6472
2018-10-24 12:46:00,67.5358,38.8914
2018-10-24 13:01:00,67.5358,39.1050
2018-10-24 13:16:00,67.4972,39.0745
2018-10-24 13:31:00,67.4200,38.8608
2018-10-24 13:46:00,67.4393,38.8303
2018-10-24 14:01:00,67.4200,38.5862
2018-10-24 14:16:00,67.4393,38.3420
2018-10-24 14:31:00,67.4393,38.2505
2018-10-24 14:46:00,67.4586,38.2810
2018-10-24 15:01:00,67.4200,37.7012
2018-10-24 15:16:00,67.7096,36.9382
2018-10-24 15:31:00,67.9605,36.0227
2018-10-24 15:46:00,68.2115,35.3818
2018-10-24 16:01:00,68.3080,35.0767
2018-10-24 16:16:00,68.2887,35.1072
2018-10-24 16:31:00,68.3466,35.5649
2018-10-24 16:46:00,68.4046,34.8936
2018-10-24 17:01:00,68.4432,34.3748
2018-10-24 17:16:00,68.4046,33.7034
2018-10-24 17:31:00,68.4818,33.4287
2018-10-24 17:46:00,68.4625,32.5742
2018-10-24 18:01:00,68.3660,31.9639
2018-10-24 18:16:00,68.2694,31.9639
2018-10-24 18:31:00,68.0957,32.0554
2018-10-24 18:46:00,68.0571,31.6587
2018-10-24 19:01:00,67.8833,31.4756
2018-10-24 19:16:00,67.7675,31.2620
2018-10-24 19:31:00,67.6324,30.9263
2018-10-24 19:46:00,67.6324,30.6821
2018-10-24 20:01:00,67.5358,30.8042
2018-10-24 20:16:00,67.2849,31.1704
2018-10-24 20:31:00,67.2076,31.4146
2018-10-24 20:46:00,67.2270,31.3840
2018-10-24 21:01:00,67.1497,31.2620
2018-10-24 21:16:00,67.1690,31.0178
2018-10-24 21:31:00,67.1304,30.8042
2018-10-24 21:46:00,67.0918,30.6516
2018-10-24 22:01:00,67.0918,30.8652
2018-10-24 22:16:00,67.3042,30.2549
2018-10-24 22:31:00,67.2270,29.8887
2018-10-24 22:46:00,67.2270,29.6140
2018-10-24 23:01:00,67.1883,29.4309
2018-10-24 23:16:00,67.0918,29.4309
2018-10-24 23:31:00,67.3428,29.3088
2018-10-24 23:46:00,67.3042,28.9731
2018-10-25 00:01:00,67.2076,28.6985
2018-10-25 00:16:00,67.2463,28.4849
2018-10-25 00:31:00,67.2849,28.1187
2018-10-25 00:46:00,67.1304,28.2407
2018-10-25 01:01:00,67.3235,28.4238
2018-10-25 01:16:00,67.2656,28.3628
2018-10-25 01:31:00,67.2463,28.2407
2018-10-25 01:46:00,67.3621,28.2102
2018-10-25 02:01:00,67.3042,28.2102
2018-10-25 02:16:00,67.2270,28.2407
2018-10-25 02:31:00,67.1304,28.3628
2018-10-25 02:46:00,67.3042,27.6914
2018-10-25 03:01:00,67.4393,27.5388
2018-10-25 03:16:00,67.3814,27.5388
2018-10-25 03:31:00,67.2463,27.3252
2018-10-25 03:46:00,67.3235,27.5693
2018-10-25 04:01:00,67.3428,27.1116
2018-10-25 04:16:00,67.2076,26.9895
2018-10-25 04:31:00,67.1304,26.9285
2018-10-25 04:46:00,67.0918,26.7759
2018-10-25 05:01:00,67.0339,26.7759
2018-10-25 05:16:00,67.0918,26.7454
2018-10-25 05:31:00,67.1304,26.7148
2018-10-25 05:46:00,67.1304,26.7148
2018-10-25 06:01:00,67.0532,26.6233
2018-10-25 06:16:00,67.2463,26.5012
2018-10-25 06:31:00,67.1883,26.3181
2018-10-25 06:46:00,67.1497,26.2876
2018-10-25 07:01:00,67.0918,26.2876
2018-10-25 07:16:00,67.0146,26.6538
2018-10-25 07:31:00,66.9567,26.9590
2018-10-25 07:46:00,67.0918,27.3862
2018-10-25 08:01:00,67.1304,27.7524
2018-10-25 08:16:00,67.1497,28.1187
2018-10-25 08:31:00,67.0918,28.5154
2018-10-25 08:46:00,67.1690,29.0952
2018-10-25 09:01:00,66.9953,29.8887
2018-10-25 09:16:00,65.8949,31.1704
2018-10-25 09:31:00,65.4509,32.0859
2018-10-25 09:46:00,65.5281,30.7126
2018-10-25 10:01:00,65.5860,29.1257
2018-10-25 10:16:00,65.6825,28.1797
2018-10-25 10:31:00,66.5320,26.7148
2018-10-25 10:46:00,67.3814,26.1045
2018-10-25 11:01:00,67.5165,25.9824
2018-10-25 11:16:00,67.6710,24.6702
2018-10-25 11:31:00,67.7482,24.8838
2018-10-25 11:46:00,67.5358,25.6162
2018-10-25 12:01:00,67.5358,25.7688
2018-10-25 12:16:00,67.5551,24.9753
2018-10-25 12:31:00,67.5744,25.2195
2018-10-25 12:46:00,67.5938,25.2500
2018-10-25 13:01:00,67.7482,25.0059
2018-10-25 13:16:00,67.7289,24.8838
2018-10-25 13:31:00,67.6903,24.7617
2018-10-25 13:46:00,67.2849,25.1279
2018-10-25 14:01:00,67.4779,24.7007
2018-10-25 14:16:00,67.1883,25.0059
2018-10-25 14:31:00,67.2270,24.8533
2018-10-25 14:46:00,67.2656,24.7312
2018-10-25 15:01:00,66.9760,25.1279
2018-10-25 15:16:00,67.6324,23.5105
2018-10-25 15:31:00,68.0378,22.6560
2018-10-25 15:46:00,68.3660,21.8015
2018-10-25 16:01:00,68.5397,21.3743
2018-10-25 16:16:00,68.6362,21.0081
2018-10-25 16:31:00,68.7135,20.8250
2018-10-25 16:46:00,68.7328,20.8250
2018-10-25 17:01:00,68.6362,20.8250
2018-10-25 17:16:00,68.7521,20.2146
2018-10-25 17:31:00,68.2115,20.4282
2018-10-25 17:46:00,67.8254,20.5503
2018-10-25 18:01:00,67.5551,20.7334
2018-10-25 18:16:00,67.3621,20.9775
2018-10-25 18:31:00,68.0378,21.2827
2018-10-25 18:46:00,70.5088,20.3977
2018-10-25 19:01:00,71.8216,19.2991
2018-10-25 19:16:00,71.2617,19.2075
2018-10-25 19:31:00,70.9142,19.1770
2018-10-25 19:46:00,70.5861,19.2991
2018-10-25 20:01:00,70.2772,19.2991
2018-10-25 20:16:00,69.6594,19.6348
2018-10-25 20:31:00,69.6594,19.3601
2018-10-25 20:46:00,70.2772,19.2686
2018-10-25 21:01:00,69.6980,19.5432
2018-10-25 21:16:00,69.4084,19.6348
2018-10-25 21:31:00,69.6980,20.0925
2018-10-25 21:46:00,69.6980,19.8789
2018-10-25 22:01:00,69.1575,19.9705
2018-10-25 22:16:00,69.2733,19.9094
2018-10-25 22:31:00,69.3505,19.4517
2018-10-25 22:46:00,69.4664,18.9329
2018-10-25 23:01:00,69.7752,18.2615
2018-10-25 23:16:00,69.6594,17.9563
2018-10-25 23:31:00,68.8486,18.0479
2018-10-25 23:46:00,69.4277,17.4070
2018-10-26 00:01:00,69.6980,17.3154
2018-10-26 00:16:00,69.0030,17.3154
2018-10-26 00:31:00,69.3312,17.1323
2018-10-26 00:46:00,69.2540,17.1018
2018-10-26 01:01:00,69.6594,16.9492
2018-10-26 01:16:00,69.6401,17.1323
2018-10-26 01:31:00,69.6980,16.8271
2018-10-26 01:46:00,69.5822,16.7356
2018-10-26 02:01:00,69.1382,17.3154
2018-10-26 02:16:00,69.4277,17.1628
2018-10-26 02:31:00,69.6980,17.1628
2018-10-26 02:46:00,69.5822,16.9187
2018-10-26 03:01:00,69.1575,17.2239
2018-10-26 03:16:00,69.3891,17.1934
2018-10-26 03:31:00,69.6594,17.1934
2018-10-26 03:46:00,69.6980,17.1628
2018-10-26 04:01:00,69.4277,17.6816
2018-10-26 04:16:00,69.6980,17.4375
2018-10-26 04:31:00,69.8718,17.1628
2018-10-26 04:46:00,69.6980,17.5291
2018-10-26 05:01:00,69.5629,17.3459
2018-10-26 05:16:00,69.6980,17.5291
2018-10-26 05:31:00,69.5822,17.8953
2018-10-26 05:46:00,69.3698,17.9868
2018-10-26 06:01:00,69.3891,17.9868
2018-10-26 06:16:00,69.6015,17.9563
2018-10-26 06:31:00,69.3891,18.0784
2018-10-26 06:46:00,69.6594,18.0784
2018-10-26 07:01:00,69.5436,18.1394
2018-10-26 07:16:00,69.3891,18.2920
2018-10-26 07:31:00,69.5050,18.4141
2018-10-26 07:46:00,69.6980,18.3225
2018-10-26 08:01:00,69.6980,18.5361
2018-10-26 08:16:00,69.4277,18.6277
2018-10-26 08:31:00,68.9451,19.0244
2018-10-26 08:46:00,67.9605,19.6958
2018-10-26 09:01:00,68.4046,19.2075
2018-10-26 09:16:00,68.0185,18.7192
2018-10-26 09:31:00,67.6324,18.2310
2018-10-26 09:46:00,67.6710,17.8647
2018-10-26 10:01:00,67.5165,17.4985
2018-10-26 10:16:00,67.8447,17.6511
2018-10-26 10:31:00,67.5938,18.3225
2018-10-26 10:46:00,67.0532,18.8108
2018-10-26 11:01:00,67.2076,18.8413
2018-10-26 11:16:00,67.7675,16.9492
2018-10-26 11:31:00,68.0185,17.2544
2018-10-26 11:46:00,67.9219,16.6440
2018-10-26 12:01:00,67.2463,17.8342
2018-10-26 12:16:00,67.4393,18.0479
2018-10-26 12:31:00,67.2656,18.0173
2018-10-26 12:46:00,67.4200,17.9868
2018-10-26 13:01:00,67.3814,18.1394
2018-10-26 13:16:00,67.5165,18.1394
2018-10-26 13:31:00,67.3621,18.2310
2018-10-26 13:46:00,67.0725,18.1699
2018-10-26 14:01:00,67.1497,18.3835
2018-10-26 14:16:00,67.2656,18.3835
2018-10-26 14:31:00,68.2115,18.1394
2018-10-26 14:46:00,68.1343,18.3835
2018-10-26 15:01:00,67.7868,18.5667
2018-10-26 15:16:00,67.7675,18.3530
2018-10-26 15:31:00,68.3080,17.4375
2018-10-26 15:46:00,68.5783,17.1628
2018-10-26 16:01:00,68.7328,16.2168
2018-10-26 16:16:00,68.7907,15.7285
2018-10-26 16:31:00,68.5590,15.7285
2018-10-26 16:46:00,68.0571,16.4915
2018-10-26 17:01:00,68.0378,16.7661
2018-10-26 17:16:00,67.8447,16.7966
2018-10-26 17:31:00,67.4972,18.7498
2018-10-26 17:46:00,67.2656,20.4282
2018-10-26 18:01:00,67.7868,20.2146
2018-10-26 18:16:00,67.9219,20.4282
2018-10-26 18:31:00,67.6517,20.9775
2018-10-26 18:46:00,67.8833,21.2217
2018-10-26 19:01:00,68.1343,21.3438
2018-10-26 19:16:00,67.3235,22.2593
2018-10-26 19:31:00,67.6517,22.2898
2018-10-26 19:46:00,67.0725,23.0527
2018-10-26 20:01:00,67.0918,23.1748
2018-10-26 20:16:00,67.0918,23.6936
2018-10-26 20:31:00,66.9760,23.8157
2018-10-26 20:46:00,67.4972,23.7852
2018-10-26 21:01:00,67.7868,23.9377
2018-10-26 21:16:00,67.4972,24.0598
2018-10-26 21:31:00,67.9219,23.8767
2018-10-26 21:46:00,67.3814,24.3955
2018-10-26 22:01:00,67.1497,25.0059
2018-10-26 22:16:00,67.7096,24.6396
2018-10-26 22:31:00,67.5358,25.1584
2018-10-26 22:46:00,67.7482,25.1584
2018-10-26 23:01:00,67.4393,25.7078
2018-10-26 23:16:00,67.4393,25.7078
2018-10-26 23:31:00,67.4393,25.8298
2018-10-26 23:46:00,67.5744,25.9214
2018-10-27 00:01:00,67.6517,25.6162
2018-10-27 00:16:00,67.4200,25.7383
2018-10-27 00:31:00,67.3814,25.9519
2018-10-27 00:46:00,67.3042,25.7688
2018-10-27 01:01:00,67.4779,25.5247
2018-10-27 01:16:00,67.3814,25.7383
2018-10-27 01:31:00,67.5358,26.0129
2018-10-27 01:46:00,67.4779,25.7383
2018-10-27 02:01:00,67.3428,25.8909
2018-10-27 02:16:00,67.4393,26.0435
2018-10-27 02:31:00,67.5938,26.1960
2018-10-27 02:46:00,67.5165,26.2876
2018-10-27 03:01:00,67.4972,26.3181
2018-10-27 03:16:00,67.5938,26.3792
2018-10-27 03:31:00,67.6131,26.8369
2018-10-27 03:46:00,67.6324,27.1116
2018-10-27 04:01:00,67.4779,27.4167
2018-10-27 04:16:00,67.2656,27.7524
2018-10-27 04:31:00,67.4586,27.6914
2018-10-27 04:46:00,67.5165,27.5693
2018-10-27 05:01:00,67.6324,27.4778
2018-10-27 05:16:00,67.5165,27.6304
2018-10-27 05:31:00,67.4972,27.8135
2018-10-27 05:46:00,67.4972,28.8816
2018-10-27 06:01:00,67.7289,30.2549
2018-10-27 06:16:00,67.5744,31.8113
2018-10-27 06:31:00,67.9799,32.6047
2018-10-27 06:46:00,67.5358,33.8865
2018-10-27 07:01:00,67.6324,34.4358
2018-10-27 07:16:00,67.6324,34.9851
2018-10-27 07:31:00,67.5358,35.7175
2018-10-27 07:46:00,67.6131,36.5720
2018-10-27 08:01:00,67.5551,37.7927
2018-10-27 08:16:00,67.7482,38.3420
2018-10-27 08:31:00,67.6517,39.2576
2018-10-27 08:46:00,67.5938,40.1731
2018-10-27 09:01:00,67.8447,40.4478
2018-10-27 09:16:00,67.9605,40.7834
2018-10-27 09:31:00,68.1343,40.6309
2018-10-27 09:46:00,67.7868,41.3328
2018-10-27 10:01:00,68.0378,41.3633
2018-10-27 10:16:00,68.0571,41.7295
2018-10-27 10:31:00,68.2308,41.6074
2018-10-27 10:46:00,67.9992,42.2178
2018-10-27 11:01:00,67.9026,42.4924
2018-10-27 11:16:00,67.9605,42.9502
2018-10-27 11:31:00,67.9219,43.4385
2018-10-27 11:46:00,67.9605,44.1404
2018-10-27 12:01:00,67.9799,44.7812
2018-10-27 12:16:00,67.6131,46.7954
2018-10-27 12:31:00,67.9026,40.3562
2018-10-27 12:46:00,68.3466,46.3376
2018-10-27 13:01:00,68.0378,47.7109
2018-10-27 13:16:00,67.5938,42.6450
2018-10-27 13:31:00,68.2887,43.3164
2018-10-27 13:46:00,68.1343,48.4434
2018-10-27 14:01:00,67.5358,51.0374
2018-10-27 14:16:00,67.3042,42.0957
2018-10-27 14:31:00,68.2308,44.1404
2018-10-27 14:46:00,68.0185,49.7861
2018-10-27 15:01:00,67.4972,50.5186
2018-10-27 15:16:00,67.7482,42.6145
2018-10-27 15:31:00,68.1343,49.9998
2018-10-27 15:46:00,67.7675,51.0679
2018-10-27 16:01:00,67.5165,49.2979
2018-10-27 16:16:00,67.9026,43.0417
2018-10-27 16:31:00,68.2115,50.3049
2018-10-27 16:46:00,67.9026,50.9458
2018-10-27 17:01:00,67.8640,46.3376
2018-10-27 17:16:00,68.1922,44.0488
2018-10-27 17:31:00,68.4239,50.1218
2018-10-27 17:46:00,67.8833,50.7322
2018-10-27 18:01:00,67.7289,42.7366
2018-10-27 18:16:00,68.3273,50.0303
2018-10-27 18:31:00,67.7482,51.9529
2018-10-27 18:46:00,67.6710,47.0701
2018-10-27 19:01:00,68.0185,44.4761
2018-10-27 19:16:00,68.0571,50.6711
2018-10-27 19:31:00,67.6324,52.3801
2018-10-27 19:46:00,67.4779,42.6755
2018-10-27 20:01:00,68.2694,47.0396
2018-10-27 20:16:00,68.0571,51.2815
2018-10-27 20:31:00,67.6710,49.5115
2018-10-27 20:46:00,68.0378,44.2930
2018-10-27 21:01:00,68.2694,50.4270
2018-10-27 21:16:00,68.1150,51.7393
2018-10-27 21:31:00,67.8447,42.9197
2018-10-27 21:46:00,68.3273,50.2134
2018-10-27 22:01:00,67.9026,52.1055
2018-10-27 22:16:00,67.9219,42.2788
2018-10-27 22:31:00,68.4046,50.0303
2018-10-27 22:46:00,67.9412,51.7087
2018-10-27 23:01:00,67.6324,47.0090
2018-10-27 23:16:00,68.2115,44.4150
2018-10-27 23:31:00,68.2694,50.3965
2018-10-27 23:46:00,67.7868,51.3425
2018-10-28 00:01:00,67.5938,42.9197
2018-10-28 00:16:00,68.1729,49.7556
2018-10-28 00:31:00,67.8640,51.0068
2018-10-28 00:46:00,68.1343,47.8635
2018-10-28 01:01:00,67.8254,47.5583
2018-10-28 01:16:00,67.8254,46.6123
2018-10-28 01:31:00,67.9026,45.8188
2018-10-28 01:46:00,67.9219,45.2695
2018-10-28 02:01:00,67.9992,44.6897
2018-10-28 02:16:00,67.6903,44.0793
2018-10-28 02:31:00,67.5744,43.2249
2018-10-28 02:46:00,67.6710,42.3398
2018-10-28 03:01:00,67.6903,41.5769
2018-10-28 03:16:00,67.6903,40.9666
2018-10-28 03:31:00,67.7482,40.6309
2018-10-28 03:46:00,67.5165,40.3867
2018-10-28 04:01:00,67.5938,39.9900
2018-10-28 04:16:00,67.5744,39.8069
2018-10-28 04:31:00,67.4586,39.7458
2018-10-28 04:46:00,67.6131,39.6848
2018-10-28 05:01:00,67.2849,39.7764
2018-10-28 05:16:00,67.3428,39.5627
2018-10-28 05:31:00,67.4779,39.2576
2018-10-28 05:46:00,67.1497,39.4712
2018-10-28 06:01:00,67.4779,39.0134
2018-10-28 06:16:00,67.8833,38.5862
2018-10-28 06:31:00,67.6517,38.7998
2018-10-28 06:46:00,67.7675,38.6167
2018-10-28 07:01:00,67.8640,38.7388
2018-10-28 07:16:00,67.6131,38.9524
2018-10-28 07:31:00,67.6903,38.9524
2018-10-28 07:46:00,67.6131,39.0134
2018-10-28 08:01:00,67.5358,39.1965
2018-10-28 08:16:00,67.5165,39.2881
2018-10-28 08:31:00,67.6131,39.1965
2018-10-28 08:46:00,67.5358,39.4712
2018-10-28 09:01:00,67.9026,39.0745
2018-10-28 09:16:00,67.8447,39.1660
2018-10-28 09:31:00,67.5744,40.1121
2018-10-28 09:46:00,67.8447,39.8984
2018-10-28 10:01:00,67.7675,40.2952
2018-10-28 10:16:00,67.6131,40.7529
2018-10-28 10:31:00,67.6710,41.0276
2018-10-28 10:46:00,67.8254,41.0581
2018-10-28 11:01:00,68.0185,41.0886
2018-10-28 11:16:00,67.9992,40.8750
2018-10-28 11:31:00,68.2501,40.9666
2018-10-28 11:46:00,68.0571,41.6379
2018-10-28 12:01:00,68.2115,41.6074
2018-10-28 12:16:00,68.4625,41.6990
2018-10-28 12:31:00,68.5011,42.1873
2018-10-28 12:46:00,67.8254,43.4995
2018-10-28 13:01:00,68.2115,39.6848
2018-10-28 13:16:00,68.5783,43.9268
2018-10-28 13:31:00,67.9412,45.6357
2018-10-28 13:46:00,67.8833,46.9785
2018-10-28 14:01:00,67.9412,41.5464
2018-10-28 14:16:00,67.7675,41.5159
2018-10-28 14:31:00,67.7289,40.2952
2018-10-28 14:46:00,67.7289,43.8352
2018-10-28 15:01:00,67.4779,40.7529
2018-10-28 15:16:00,67.8061,44.8728
2018-10-28 15:31:00,68.0957,40.1731
2018-10-28 15:46:00,68.1729,41.4854
2018-10-28 16:01:00,68.7328,44.4456
2018-10-28 16:16:00,68.2115,45.0864
2018-10-28 16:31:00,68.1922,45.9104
2018-10-28 16:46:00,68.0185,39.4102
2018-10-28 17:01:00,68.3273,39.6543
2018-10-28 17:16:00,68.7328,42.9807
2018-10-28 17:31:00,68.4239,43.4690
2018-10-28 17:46:00,68.1536,45.3000
2018-10-28 18:01:00,68.2115,39.3796
2018-10-28 18:16:00,68.2694,39.5017
2018-10-28 18:31:00,68.3853,43.4690
2018-10-28 18:46:00,68.0571,45.3916
2018-10-28 19:01:00,67.6903,42.8586
2018-10-28 19:16:00,68.0957,39.1965
2018-10-28 19:31:00,68.4046,42.9197
2018-10-28 19:46:00,68.2115,43.6521
2018-10-28 20:01:00,67.8254,45.9409
2018-10-28 20:16:00,67.9605,38.1589
2018-10-28 20:31:00,68.2115,38.2810
2018-10-28 20:46:00,68.3273,40.4172
2018-10-28 21:01:00,68.2694,40.4172
2018-10-28 21:16:00,67.9605,40.9055
2018-10-28 21:31:00,67.6903,36.6331
2018-10-28 21:46:00,68.4046,36.1143
2018-10-28 22:01:00,68.5011,37.4570
2018-10-28 22:16:00,68.3466,37.8538
2018-10-28 22:31:00,68.3273,38.2200
2018-10-28 22:46:00,68.1729,40.6614
2018-10-28 23:01:00,67.8447,34.9851
2018-10-28 23:16:00,68.4046,37.7622
2018-10-28 23:31:00,68.5397,37.5486
2018-10-28 23:46:00,68.0957,38.2200
2018-10-29 00:01:00,68.4432,36.4194
2018-10-29 00:16:00,67.9992,37.0603
2018-10-29 00:31:00,67.8254,37.1824
2018-10-29 00:46:00,67.7096,37.5791
2018-10-29 01:01:00,67.7675,38.0063
2018-10-29 01:16:00,67.7868,38.6167
2018-10-29 01:31:00,67.7482,39.1050
2018-10-29 01:46:00,67.9412,38.9219
2018-10-29 02:01:00,67.9219,39.1355
2018-10-29 02:16:00,67.8640,39.2881
2018-10-29 02:31:00,68.0571,39.1965
2018-10-29 02:46:00,68.1343,39.2881
2018-10-29 03:01:00,68.1343,39.5017
2018-10-29 03:16:00,67.8254,39.7458
2018-10-29 03:31:00,68.0185,39.5933
2018-10-29 03:46:00,67.9799,39.5627
2018-10-29 04:01:00,67.8833,40.2952
2018-10-29 04:16:00,68.0378,40.6309
2018-10-29 04:31:00,67.9219,41.5159
2018-10-29 04:46:00,68.0957,41.7295
2018-10-29 05:01:00,67.8447,42.2178
2018-10-29 05:16:00,67.7289,42.3398
2018-10-29 05:31:00,67.6324,42.8586
2018-10-29 05:46:00,67.8061,43.0723
2018-10-29 06:01:00,67.7289,42.9807
2018-10-29 06:16:00,67.7482,42.9502
2018-10-29 06:31:00,67.7482,43.1333
2018-10-29 06:46:00,67.6324,43.4080
2018-10-29 07:01:00,67.8447,43.5605
2018-10-29 07:16:00,67.7096,43.7131
2018-10-29 07:31:00,67.7289,43.8047
2018-10-29 07:46:00,67.8254,44.1709
2018-10-29 08:01:00,67.9412,44.6287
2018-10-29 08:16:00,68.0571,45.0254
2018-10-29 08:31:00,68.0378,45.8188
2018-10-29 08:46:00,67.9412,46.7954
2018-10-29 09:01:00,68.1150,47.1616
2018-10-29 09:16:00,68.6362,47.1006
2018-10-29 09:31:00,68.3660,48.3518
2018-10-29 09:46:00,67.9799,49.9082
2018-10-29 10:01:00,68.1150,42.5840
2018-10-29 10:16:00,68.3660,48.0161
2018-10-29 10:31:00,68.2115,52.5327
2018-10-29 10:46:00,67.6903,46.9785
2018-10-29 11:01:00,67.4200,45.1780
2018-10-29 11:16:00,67.1690,44.6592
2018-10-29 11:31:00,67.5165,43.9878
2018-10-29 11:46:00,67.6324,43.6216
2018-10-29 12:01:00,67.8061,42.8892
2018-10-29 12:16:00,68.2115,41.7295
2018-10-29 12:31:00,67.7289,41.9431
2018-10-29 12:46:00,67.7675,41.6074
2018-10-29 13:01:00,68.0571,40.7834
2018-10-29 13:16:00,67.6903,42.7976
2018-10-29 13:31:00,67.6324,42.8586
2018-10-29 13:46:00,67.2076,43.9573
2018-10-29 14:01:00,66.7829,45.1169
2018-10-29 14:16:00,66.7443,44.9949
2018-10-29 14:31:00,66.6864,45.2695
2018-10-29 14:46:00,66.4354,45.2390
2018-10-29 15:01:00,66.7443,45.0254
2018-10-29 15:16:00,66.4354,45.4526
2018-10-29 15:31:00,66.6478,44.2625
2018-10-29 15:46:00,66.9953,44.1404
2018-10-29 16:01:00,67.1304,44.6897
2018-10-29 16:16:00,66.7443,44.0793
2018-10-29 16:31:00,67.0532,42.8892
2018-10-29 16:46:00,67.3621,47.6499
2018-10-29 17:01:00,67.4779,47.3752
2018-10-29 17:16:00,67.3042,39.3186
2018-10-29 17:31:00,67.8447,39.2881
2018-10-29 17:46:00,68.1343,39.2881
2018-10-29 18:01:00,68.1729,42.1873
2018-10-29 18:16:00,68.0185,41.2717
2018-10-29 18:31:00,67.9992,39.6848
2018-10-29 18:46:00,67.9799,38.9829
2018-10-29 19:01:00,67.9026,38.3115
2018-10-29 19:16:00,67.8640,38.2200
2018-10-29 19:31:00,67.8640,37.9758
2018-10-29 19:46:00,67.6710,38.3420
2018-10-29 20:01:00,67.8640,37.4265
2018-10-29 20:16:00,67.4972,38.0063
2018-10-29 20:31:00,67.4393,38.3726
2018-10-29 20:46:00,67.2076,38.6472
2018-10-29 21:01:00,67.3042,38.5251
2018-10-29 21:16:00,67.2463,38.7998
2018-10-29 21:31:00,67.5358,38.2505
2018-10-29 21:46:00,67.3428,38.4336
2018-10-29 22:01:00,67.5358,38.1284
2018-10-29 22:16:00,67.2463,38.2505
2018-10-29 22:31:00,67.5938,37.5181
2018-10-29 22:46:00,67.2849,37.4570
2018-10-29 23:01:00,67.4972,36.9077
2018-10-29 23:16:00,67.3428,36.3889
2018-10-29 23:31:00,67.3814,36.4805
2018-10-29 23:46:00,67.3621,36.3584
2018-10-30 00:01:00,67.3235,36.2974
2018-10-30 00:16:00,67.4200,36.0532
2018-10-30 00:31:00,67.7482,35.6870
2018-10-30 00:46:00,67.5744,35.3208
2018-10-30 01:01:00,67.5551,35.1377
2018-10-30 01:16:00,67.4393,34.7104
2018-10-30 01:31:00,67.5938,34.4968
2018-10-30 01:46:00,67.5358,34.2222
2018-10-30 02:01:00,67.1883,34.4053
2018-10-30 02:16:00,67.5358,34.1306
2018-10-30 02:31:00,67.5938,33.5203
2018-10-30 02:46:00,67.4779,33.3372
2018-10-30 03:01:00,67.3621,33.4897
2018-10-30 03:16:00,67.8833,33.2151
2018-10-30 03:31:00,67.7675,32.8794
2018-10-30 03:46:00,67.6517,33.3066
2018-10-30 04:01:00,67.9799,32.2690
2018-10-30 04:16:00,67.8640,32.5437
2018-10-30 04:31:00,67.6710,32.4216
2018-10-30 04:46:00,67.9992,31.9639
2018-10-30 05:01:00,67.5938,32.1165
2018-10-30 05:16:00,67.6710,31.6282
2018-10-30 05:31:00,67.7868,31.3230
2018-10-30 05:46:00,67.5744,31.1704
2018-10-30 06:01:00,67.5551,30.9263
2018-10-30 06:16:00,67.6324,30.4990
2018-10-30 06:31:00,67.6324,30.3770
2018-10-30 06:46:00,67.6903,30.1023
2018-10-30 07:01:00,67.7096,29.9497
2018-10-30 07:16:00,67.7289,29.4919
2018-10-30 07:31:00,67.6324,29.4004
2018-10-30 07:46:00,67.5938,28.8511
2018-10-30 08:01:00,67.5551,28.7900
2018-10-30 08:16:00,67.7482,28.6985
2018-10-30 08:31:00,67.7289,28.6985
2018-10-30 08:46:00,67.7289,29.3394
2018-10-30 09:01:00,67.8640,29.4004
2018-10-30 09:16:00,67.4586,29.9802
2018-10-30 09:31:00,67.4393,30.6516
2018-10-30 09:46:00,67.4393,30.4990
2018-10-30 10:01:00,67.0532,30.4380
2018-10-30 10:16:00,67.2463,30.0718
2018-10-30 10:31:00,66.9953,29.9802
2018-10-30 10:46:00,66.8795,29.8887
2018-10-30 11:01:00,67.3042,29.5835
2018-10-30 11:16:00,67.1883,29.4614
2018-10-30 11:31:00,67.2463,29.3699
2018-10-30 11:46:00,67.5358,28.9731
2018-10-30 12:01:00,67.2849,28.3628
2018-10-30 12:16:00,67.3621,27.4778
2018-10-30 12:31:00,67.7289,26.8369
2018-10-30 12:46:00,67.7096,26.1960
2018-10-30 13:01:00,67.4779,26.1350
2018-10-30 13:16:00,67.6324,25.3721
2018-10-30 13:31:00,68.1343,24.9753
2018-10-30 13:46:00,68.2694,25.1584
2018-10-30 14:01:00,68.2115,25.0669
2018-10-30 14:16:00,68.3853,25.2500
2018-10-30 14:31:00,68.5397,24.8228
2018-10-30 14:46:00,68.5590,24.5176
2018-10-30 15:01:00,68.5783,24.4260
2018-10-30 15:16:00,68.0185,24.8533
2018-10-30 15:31:00,68.3466,23.9988
2018-10-30 15:46:00,68.2115,24.3040
2018-10-30 16:01:00,67.8833,24.4260
2018-10-30 16:16:00,67.7289,24.0598
2018-10-30 16:31:00,67.5165,24.2124
2018-10-30 16:46:00,67.3428,24.5786
2018-10-30 17:01:00,67.3235,24.5786
2018-10-30 17:16:00,67.3621,24.7007
2018-10-30 17:31:00,67.3814,24.8838
2018-10-30 17:46:00,67.4586,25.1890
2018-10-30 18:01:00,67.1690,25.6467
2018-10-30 18:16:00,67.4586,25.7383
2018-10-30 18:31:00,67.1883,26.3181
2018-10-30 18:46:00,67.4586,26.2571
2018-10-30 19:01:00,67.3814,26.8674
2018-10-30 19:16:00,67.2656,27.0505
2018-10-30 19:31:00,67.3621,27.1726
2018-10-30 19:46:00,67.2076,27.4167
2018-10-30 20:01:00,67.6324,27.1116
2018-10-30 20:16:00,67.6517,27.2031
2018-10-30 20:31:00,67.0725,27.5999
2018-10-30 20:46:00,67.3814,27.4473
2018-10-30 21:01:00,67.3428,27.4778
2018-10-30 21:16:00,67.6324,27.2031
2018-10-30 21:31:00,67.0339,27.5693
2018-10-30 21:46:00,67.0146,27.6304
2018-10-30 22:01:00,67.4972,27.2336
2018-10-30 22:16:00,67.4586,27.4167
2018-10-30 22:31:00,67.7289,27.0200
2018-10-30 22:46:00,67.1883,27.2642
2018-10-30 23:01:00,66.9760,27.1116
2018-10-30 23:16:00,67.2656,26.8369
2018-10-30 23:31:00,67.4972,26.6843
2018-10-30 23:46:00,67.3814,26.4707
2018-10-31 00:01:00,67.2656,26.7148
2018-10-31 00:16:00,67.9605,26.3486
2018-10-31 00:31:00,68.1343,26.2266
2018-10-31 00:46:00,67.5938,26.1655
2018-10-31 01:01:00,67.6903,25.9214
2018-10-31 01:16:00,67.5165,25.8909
2018-10-31 01:31:00,67.9605,25.4331
2018-10-31 01:46:00,67.3428,26.0129
2018-10-31 02:01:00,67.8061,25.3110
2018-10-31 02:16:00,67.9219,25.0669
2018-10-31 02:31:00,67.5551,25.4941
2018-10-31 02:46:00,67.6131,25.2195
2018-10-31 03:01:00,67.8833,24.6091
2018-10-31 03:16:00,67.8447,24.7312
2018-10-31 03:31:00,67.3428,24.8838
2018-10-31 03:46:00,67.7675,24.4260
2018-10-31 04:01:00,67.3814,24.7922
2018-10-31 04:16:00,67.6324,24.3345
2018-10-31 04:31:00,67.4586,24.6396
2018-10-31 04:46:00,67.7868,24.5786
2018-10-31 05:01:00,67.7289,24.3955
2018-10-31 05:16:00,67.5938,24.3955
2018-10-31 05:31:00,68.0957,24.1819
2018-10-31 05:46:00,67.6710,24.1208
2018-10-31 06:01:00,67.8640,23.8767
2018-10-31 06:16:00,67.9026,23.7546
2018-10-31 06:31:00,68.0571,23.2358
2018-10-31 06:46:00,67.9799,23.3274
2018-10-31 07:01:00,67.9219,23.4189
2018-10-31 07:16:00,67.6710,23.6631
2018-10-31 07:31:00,67.4972,23.6936
2018-10-31 07:46:00,67.8640,23.3274
2018-10-31 08:01:00,67.7289,23.8462
2018-10-31 08:16:00,68.0571,24.1208
2018-10-31 08:31:00,67.4393,24.9753
2018-10-31 08:46:00,67.6903,25.4331
2018-10-31 09:01:00,67.5551,26.3181
2018-10-31 09:16:00,67.8254,26.8369
2018-10-31 09:31:00,68.2887,26.3792
2018-10-31 09:46:00,67.8447,27.9050
2018-10-31 10:01:00,67.2849,28.4849
2018-10-31 10:16:00,67.0918,27.7219
2018-10-31 10:31:00,66.9181,28.4238
2018-10-31 10:46:00,67.2270,28.2712
2018-10-31 11:01:00,67.2076,27.5999
2018-10-31 11:16:00,68.1536,27.1726
2018-10-31 11:31:00,68.1922,26.9895
2018-10-31 11:46:00,68.3853,26.7454
2018-10-31 12:01:00,68.2308,26.3486
2018-10-31 12:16:00,68.4818,26.1350
2018-10-31 12:31:00,68.4625,26.1350
2018-10-31 12:46:00,67.4393,26.9895
2018-10-31 13:01:00,67.5938,26.9590
2018-10-31 13:16:00,68.4046,26.4097
2018-10-31 13:31:00,68.1343,27.1116
2018-10-31 13:46:00,67.8640,27.2336
2018-10-31 14:01:00,67.8640,27.1726
2018-10-31 14:16:00,67.3428,27.6609
2018-10-31 14:31:00,67.4779,27.6914
2018-10-31 14:46:00,67.4393,27.8745
2018-10-31 15:01:00,67.8061,27.8440
2018-10-31 15:16:00,67.9219,28.0576
2018-10-31 15:31:00,67.2270,28.9731
2018-10-31 15:46:00,67.0725,29.5530
2018-10-31 16:01:00,67.2849,30.0413
2018-10-31 16:16:00,67.1304,31.0789
2018-10-31 16:31:00,67.2076,31.8418
2018-10-31 16:46:00,67.5358,32.4827
2018-10-31 17:01:00,68.4625,33.7949
2018-10-31 17:16:00,68.4239,35.0156
2018-10-31 17:31:00,68.5590,37.0603
2018-10-31 17:46:00,68.3080,38.2810
2018-10-31 18:01:00,68.1150,39.5627
2018-10-31 18:16:00,67.9605,42.0652
2018-10-31 18:31:00,68.0571,37.6096
2018-10-31 18:46:00,68.1536,38.7998
2018-10-31 19:01:00,68.8100,42.7671
2018-10-31 19:16:00,68.3273,45.0559
2018-10-31 19:31:00,67.8061,40.8140
2018-10-31 19:46:00,68.5976,44.1099
2018-10-31 20:01:00,67.6710,46.6123
2018-10-31 20:16:00,68.2694,44.1404
2018-10-31 20:31:00,68.1150,41.7600
2018-10-31 20:46:00,68.5011,51.7698
2018-10-31 21:01:00,68.1922,43.5605
2018-10-31 21:16:00,68.4046,41.3328
2018-10-31 21:31:00,68.7328,52.1665
2018-10-31 21:46:00,68.3466,42.8281
2018-10-31 22:01:00,68.8486,48.1382
2018-10-31 22:16:00,68.3466,43.0417
2018-10-31 22:31:00,68.5976,51.0679
2018-10-31 22:46:00,68.3853,45.2695
2018-10-31 23:01:00,68.5204,48.8096
2018-10-31 23:16:00,68.5976,46.5208
2018-10-31 23:31:00,68.4046,45.0254
2018-10-31 23:46:00,68.8293,47.8330
2018-11-01 00:01:00,68.4046,43.0723
2018-11-01 00:16:00,68.9644,52.9905
2018-11-01 00:31:00,68.6362,42.8281
2018-11-01 00:46:00,69.0030,53.4177
2018-11-01 01:01:00,68.8100,43.1333
2018-11-01 01:16:00,68.7521,49.8167
2018-11-01 01:31:00,68.1536,43.9573
2018-11-01 01:46:00,68.8293,53.7534
2018-11-01 02:01:00,68.2887,44.9033
2018-11-01 02:16:00,68.6941,42.6145
2018-11-01 02:31:00,68.9644,52.8074
2018-11-01 02:46:00,68.5783,45.2695
2018-11-01 03:01:00,68.9258,42.7061
2018-11-01 03:16:00,69.0416,51.9224
2018-11-01 03:31:00,68.6941,45.9104
2018-11-01 03:46:00,68.8486,42.7671
2018-11-01 04:01:00,69.0030,53.6924
2018-11-01 04:16:00,68.4818,44.7507
2018-11-01 04:31:00,68.6748,53.7534
2018-11-01 04:46:00,68.3660,45.1780
2018-11-01 05:01:00,68.8293,50.8848
2018-11-01 05:16:00,68.6362,45.8494
2018-11-01 05:31:00,68.3273,43.0417
2018-11-01 05:46:00,68.5397,50.3049
2018-11-01 06:01:00,68.3466,47.3447
2018-11-01 06:16:00,68.7714,43.2249
2018-11-01 06:31:00,67.4779,44.3845
2018-11-01 06:46:00,67.6517,43.7742
2018-11-01 07:01:00,68.0957,42.7671
2018-11-01 07:16:00,67.4972,43.3774
2018-11-01 07:31:00,67.5744,43.1638
2018-11-01 07:46:00,67.5938,42.9807
2018-11-01 08:01:00,67.8254,42.4314
2018-11-01 08:16:00,67.4393,43.0723
2018-11-01 08:31:00,67.4393,43.3469
2018-11-01 08:46:00,67.8640,43.0723
2018-11-01 09:01:00,67.5938,43.6216
2018-11-01 09:16:00,67.9219,43.8047
2018-11-01 09:31:00,67.9799,44.8118
2018-11-01 09:46:00,67.6324,45.7883
2018-11-01 10:01:00,67.7096,45.9714
2018-11-01 10:16:00,67.6131,46.3682
2018-11-01 10:31:00,67.6324,46.7954
2018-11-01 10:46:00,67.7096,47.1921
2018-11-01 11:01:00,67.6324,47.8025
2018-11-01 11:16:00,67.8833,48.0466
2018-11-01 11:31:00,67.9219,48.5959
2018-11-01 11:46:00,67.6903,45.6357
2018-11-01 12:01:00,68.4239,45.7883
2018-11-01 12:16:00,68.3466,46.1545
2018-11-01 12:31:00,68.2694,46.4292
2018-11-01 12:46:00,68.3080,47.2227
2018-11-01 13:01:00,68.1150,45.8494
2018-11-01 13:16:00,68.2308,45.0254
2018-11-01 13:31:00,68.4046,44.4761
2018-11-01 13:46:00,68.0957,44.7202
2018-11-01 14:01:00,68.0957,45.2695
2018-11-01 14:16:00,68.1343,46.4292
2018-11-01 14:31:00,68.3466,47.0396
2018-11-01 14:46:00,68.4046,47.3447
2018-11-01 15:01:00,68.5011,47.4668
2018-11-01 15:16:00,68.4046,47.4363
2018-11-01 15:31:00,68.4046,47.1006
2018-11-01 15:46:00,68.1343,47.5278
2018-11-01 16:01:00,67.9026,47.6499
2018-11-01 16:16:00,67.6517,47.5278
2018-11-01 16:31:00,67.5744,46.9480
2018-11-01 16:46:00,67.4586,45.7273
2018-11-01 17:01:00,67.2076,45.1780
2018-11-01 17:16:00,66.8602,45.2085
2018-11-01 17:31:00,67.0918,47.0090
2018-11-01 17:46:00,67.0918,44.2014
2018-11-01 18:01:00,68.1150,53.3872
2018-11-01 18:16:00,67.8254,45.0254
2018-11-01 18:31:00,68.4239,53.2651
2018-11-01 18:46:00,67.6903,44.9644
2018-11-01 19:01:00,68.4046,52.9905
2018-11-01 19:16:00,67.5551,45.0254
2018-11-01 19:31:00,67.9412,53.3262
2018-11-01 19:46:00,67.6324,45.6357
2018-11-01 20:01:00,68.2115,53.3872
2018-11-01 20:16:00,67.4586,45.0864
2018-11-01 20:31:00,68.2115,52.7158
2018-11-01 20:46:00,67.4393,44.1709
2018-11-01 21:01:00,68.5976,52.1055
2018-11-01 21:16:00,67.6517,52.4106
2018-11-01 21:31:00,67.9026,45.6968
2018-11-01 21:46:00,67.9605,53.6924
2018-11-01 22:01:00,67.6903,45.2695
2018-11-01 22:16:00,68.1343,53.6924
2018-11-01 22:31:00,67.4779,45.2390
2018-11-01 22:46:00,68.5011,53.3262
2018-11-01 23:01:00,67.6131,45.3916
2018-11-01 23:16:00,68.4432,49.4199
2018-11-01 23:31:00,67.8254,53.6619
2018-11-01 23:46:00,68.1536,46.3071
2018-11-02 00:01:00,68.1150,54.7300
2018-11-02 00:16:00,67.8447,45.2390
2018-11-02 00:31:00,68.5397,53.5398
2018-11-02 00:46:00,67.4972,44.0183
2018-11-02 01:01:00,68.5397,52.0444
2018-11-02 01:16:00,67.6131,50.0913
2018-11-02 01:31:00,68.4625,48.8096
2018-11-02 01:46:00,67.7675,51.0068
2018-11-02 02:01:00,68.4046,48.5044
2018-11-02 02:16:00,67.4586,51.0984
2018-11-02 02:31:00,68.4046,49.2673
2018-11-02 02:46:00,67.4779,44.7202
2018-11-02 03:01:00,68.4046,54.4248
2018-11-02 03:16:00,67.9026,45.9409
2018-11-02 03:31:00,67.8447,53.8755
2018-11-02 03:46:00,68.0957,47.8635
2018-11-02 04:01:00,67.7096,44.6287
2018-11-02 04:16:00,68.2308,56.0117
2018-11-02 04:31:00,67.7868,47.1006
2018-11-02 04:46:00,67.8061,44.4150
2018-11-02 05:01:00,67.7096,45.8799
2018-11-02 05:16:00,67.8640,48.4739
2018-11-02 05:31:00,68.2694,50.7932
2018-11-02 05:46:00,68.2887,52.3801
2018-11-02 06:01:00,67.6517,45.2390
2018-11-02 06:16:00,67.6324,48.0771
2018-11-02 06:31:00,67.7675,49.6641
2018-11-02 06:46:00,68.1343,51.6782
2018-11-02 07:01:00,68.3080,52.1360
2018-11-02 07:16:00,68.4432,52.8074
2018-11-02 07:31:00,68.2501,47.7109
2018-11-02 07:46:00,67.6324,50.4575
2018-11-02 08:01:00,67.9992,52.1055
2018-11-02 08:16:00,68.3080,53.3872
2018-11-02 08:31:00,67.8640,48.8401
2018-11-02 08:46:00,67.3042,46.9785
2018-11-02 09:01:00,67.2656,45.9104